Time,EMA,SMA,RSI,HBB,LBB,Value
2019-09-30 23:00,1.324203147406605,1.3241299999999998,53.19528739735797,1.3250950852157628,1.3231649147842368,1.32488