Time,EMA,SMA,RSI,HBB,LBB,Value
2019-10-20 00:00,8318.51644731865,7957.3,57.086442131840045,8593.10270524747,7321.497294752531,7936.70