Time,EMA,SMA,RSI,HBB,LBB,Value
2019-10-10 17:00,1.2576004102014,1.246532,1.6933504304818,1.8766090719472,0.61645492805277,1.32925